name,country
JF920046,USA
JF920047,USA
JF920048,USA
JF920049,USA
JF920050,USA
JF920051,USA
JF920052,USA
JF920053,USA
JF920054,USA
JF920057,USA
JF920058,USA
JF920062,USA
JF920065,USA
JF920069,USA
KF973319,USA
KF973320,USA
KF973321,USA
KF973324,USA
KF973325,USA
KF973326,USA
KF973327,USA
KF973328,USA
KF973329,USA
KF973330,USA
KF973331,USA
KF973332,USA
KF973334,USA
KF973335,USA
KF973338,USA
KF973339,USA
KF973340,USA
KJ627647,USA
KJ627648,USA
KJ627649,USA
KJ627652,USA
KJ627656,USA
KJ627657,USA
KJ627659,USA
KJ627662,USA
KJ627663,USA
KJ627664,USA
KJ627666,USA
KJ627667,USA
KJ627668,USA
KJ627670,USA
KJ627671,USA
KJ627672,USA
KJ627674,USA
KJ627675,USA
KJ627676,USA
KJ627678,USA
KJ627679,USA
KJ627682,USA
KJ627683,USA
KJ627684,USA
KJ627685,USA
KJ627686,USA
KJ627687,USA
KJ627688,USA
KJ627690,USA
KJ627693,USA
KJ627695,USA
KJ627702,USA
KJ627703,USA
KJ627704,USA
KJ627705,USA
KJ627706,USA
KJ627707,USA
KJ627708,USA
KJ627709,USA
KJ627710,USA
KJ627714,USA
KJ627715,USA
KJ627716,USA
KJ627717,USA
KJ627718,USA
KJ627719,USA
KJ627720,USA
KJ627721,USA
KJ627722,USA
KJ627723,USA
KJ627724,USA
KJ627725,USA
KJ627727,USA
KJ627728,USA
KJ627729,USA
KJ627731,USA
KJ627733,USA
KJ643589,USA
KJ643462,USA
KJ643463,USA
KJ643464,USA
KJ643465,USA
KJ643466,USA
KJ643467,USA
KJ643468,USA
KJ643469,USA
KJ643470,USA
KJ643471,USA
KJ643473,USA
KJ643474,USA
KJ643475,USA
KJ643476,USA
KJ643477,USA
KJ643478,USA
KJ643480,USA
KJ643481,USA
KJ643482,USA
KJ643483,USA
KJ643484,USA
KJ643485,USA
KJ643486,USA
KJ643488,USA
KJ643491,USA
KJ643493,USA
KJ643494,USA
KJ643495,USA
KJ643497,USA
KJ643498,USA
KJ643499,USA
KJ643501,USA
KJ643502,USA
KJ643503,USA
KJ643504,USA
KJ643505,USA
KJ643506,USA
KJ643507,USA
KJ643508,USA
KJ643510,USA
KJ643511,USA
KJ643512,USA
KJ643513,USA
KJ643514,USA
KJ643517,USA
KJ643518,USA
KJ643520,USA
KJ643522,USA
KJ643523,USA
KJ643524,USA
KJ643525,USA
KJ643526,USA
KJ643527,USA
KJ643528,USA
KJ643529,USA
KJ643531,USA
KJ643534,USA
KJ643535,USA
KJ643536,USA
KJ643537,USA
KJ643540,USA
KJ643542,USA
KJ643543,USA
KJ643544,USA
KJ643545,USA
KJ643546,USA
KJ643549,USA
KJ643550,USA
KJ643551,USA
KJ643552,USA
KJ643553,USA
KJ643554,USA
KJ643555,USA
KJ643556,USA
KJ643559,USA
KJ643560,USA
KJ643561,USA
KJ643562,USA
KJ643563,USA
KJ643565,USA
KJ643567,USA
KJ643568,USA
KJ643569,USA
KJ643571,USA
KJ643573,USA
KJ643574,USA
KJ643575,USA
KJ643576,USA
KJ643579,USA
KJ643581,USA
KJ643583,USA
KJ643584,USA
KJ643585,USA
KJ643586,USA
KJ939935,Vietnam
KJ939936,Vietnam
KJ939937,Vietnam
KJ939938,Vietnam
KJ939939,Vietnam
KJ939940,Vietnam
KJ939941,Vietnam
KJ939942,Vietnam
KJ939943,Vietnam
KJ939944,Vietnam
KJ939945,Vietnam
KJ939946,Vietnam
KJ939947,Vietnam
KJ939948,Vietnam
KJ939949,Vietnam
KJ939950,Vietnam
KJ939951,Vietnam
KJ939952,Vietnam
KJ939953,Vietnam
KJ939954,Vietnam
KJ939955,Vietnam
KJ939956,Vietnam
KJ939957,Vietnam
KJ939958,Vietnam
KJ939959,Vietnam
KJ939960,Vietnam
KJ939961,Vietnam
KJ939962,Vietnam
KJ939963,Vietnam
KJ939964,Vietnam
KJ939965,Vietnam
KJ939966,Vietnam
KJ939967,Vietnam
KJ939968,Vietnam
KJ939969,Vietnam
KJ939970,Vietnam
KJ939971,Vietnam
KY460517,Taiwan
KY654506,Philippines
KY654507,Philippines
KY654508,Philippines
KY654509,Philippines
KY654510,Philippines
KY654511,Philippines
KY654512,Philippines
KY654513,Philippines
KY654514,Philippines
KY654515,Philippines
KY654516,Philippines
KY654517,Philippines
KY654518,Philippines
KY782635,China
KY982516,USA
KY982517,USA
KY967362,USA
KY967363,USA
KY967364,USA
MF001038,USA
MF001041,USA
MF001043,USA
MF001049,USA
MF001050,USA
MF001051,USA
MF001052,USA
MF001053,USA
MF001054,USA
MF001056,USA
MF001057,USA
MF614946,China
MF614947,China
MF973156,USA
MG642024,USA
MG642026,USA
MG642028,USA
MG642030,USA
MG642031,USA
MG642032,USA
MG642033,USA
MG642034,USA
MG642035,USA
MG642038,USA
MG642040,USA
MG642048,USA
MG642050,USA
MG642052,USA
MG642055,USA
MG642056,USA
MG642058,USA
MG642060,USA
MG642061,USA
MG642063,USA
MG642067,USA
MG642069,USA
MG642070,USA
MG642071,USA
MG642074,USA
MG642075,USA
MG642077,USA
MG642080,USA
MG642081,USA
MG642083,USA
MG027862,USA
MG793382,Lebanon
MH279547,China
MH290724,China
MH447951,Thailand
MH447952,Thailand
MH447953,Thailand
MH447954,Thailand
MH447955,Thailand
MH447956,Thailand
MH447957,Thailand
MH447958,Thailand
MH447959,Thailand
MH447960,Thailand
MK109763,Jordan
MK109772,Jordan
MK109773,Jordan
MK109774,Jordan
MK109775,Jordan
MK109776,Jordan
MK109785,Jordan
MK109787,Jordan
MK167035,USA
MK749867,Nicaragua
MK749884,Nicaragua
MK749886,Nicaragua
MK749890,Nicaragua
MK749893,Nicaragua
MK749895,Nicaragua
MK749909,Nicaragua
MK749911,Nicaragua
MK749912,Nicaragua
MK749913,Nicaragua
MK749917,Nicaragua
MH383066,Lebanon
MN306017,USA
MN306029,USA
MN306045,USA
MN306048,USA
MN306050,USA
MN306054,USA
MN310477,USA
MN630088,USA
MN630089,USA
MN630090,USA
MN630093,USA
MN630096,USA
MN630097,USA
MN630098,USA
MN630099,USA
MN630100,USA
MN630102,USA
MN630103,USA
MN630104,USA
MN630105,USA
MN630106,USA
MN630107,USA
MN531557,USA
MW020596,Australia
MW020597,Australia
MW020598,Australia
MW020599,Australia
MW582528,Germany
MZ515555,United Kingdom
MZ515559,United Kingdom
MZ515564,Netherlands
MZ515566,United Kingdom
MZ515568,Netherlands
MZ515569,United Kingdom
MZ515570,Spain
MZ515571,United Kingdom
MZ515572,Netherlands
MZ515573,United Kingdom
MZ515575,United Kingdom
MZ515576,Spain
MZ515579,Spain
MZ515580,Netherlands
MZ515583,Spain
MZ515585,Spain
MZ515588,Spain
MZ515592,Netherlands
MZ515593,United Kingdom
MZ515597,United Kingdom
MZ515600,United Kingdom
MZ515606,Netherlands
MZ515609,Spain
MZ515614,United Kingdom
MZ515616,Netherlands
MZ515617,United Kingdom
MZ515619,Spain
MZ515620,Netherlands
MZ515623,United Kingdom
MZ515626,United Kingdom
MZ515628,Netherlands
MZ515629,Spain
MZ515631,Netherlands
MZ515632,Netherlands
MZ515633,Spain
MZ515634,Netherlands
MZ515640,Spain
MZ515641,Netherlands
MZ515643,Netherlands
MZ515645,United Kingdom
MZ515646,United Kingdom
MZ515647,United Kingdom
MZ515649,Netherlands
MZ515650,Netherlands
MZ515651,Netherlands
MZ515652,United Kingdom
MZ515666,United Kingdom
MZ515668,United Kingdom
MZ515679,United Kingdom
MZ515681,United Kingdom
MZ515682,United Kingdom
MZ515685,United Kingdom
MZ515687,United Kingdom
MZ515688,Spain
MZ515689,United Kingdom
MZ515690,Netherlands
MZ515692,Spain
MZ515693,Spain
MZ515695,United Kingdom
MZ515696,Netherlands
MZ515701,Netherlands
MZ515703,Netherlands
MZ515706,Spain
MZ515709,Netherlands
MZ515717,Netherlands
MZ515718,Netherlands
MZ515723,United Kingdom
MZ515731,Netherlands
MZ515734,Netherlands
MZ515735,Spain
MZ515737,Spain
MZ515740,Netherlands
MZ515744,Netherlands
MZ515749,United Kingdom
MZ515752,United Kingdom
MZ515755,United Kingdom
MZ515758,Spain
MZ515760,Spain
MZ515766,Netherlands
MZ515768,United Kingdom
MZ515772,United Kingdom
MZ515773,Spain
MZ515777,Spain
MZ515780,Netherlands
MZ515782,United Kingdom
MZ515789,Netherlands
MZ515790,Netherlands
MZ515795,United Kingdom
MZ515797,Spain
MZ515800,United Kingdom
MZ515801,Netherlands
MZ515802,United Kingdom
MZ515811,United Kingdom
MZ515814,United Kingdom
MZ515819,United Kingdom
MZ515821,Netherlands
MZ515825,Netherlands
MZ515828,Netherlands
MZ515833,Netherlands
MZ515834,United Kingdom
MZ515835,Netherlands
MZ515840,Netherlands
MZ515841,Netherlands
MZ515842,Spain
MZ515847,United Kingdom
MZ515848,United Kingdom
MZ515850,United Kingdom
MZ515851,Spain
MZ515852,Netherlands
MZ515854,United Kingdom
MZ515859,Netherlands
MZ515860,Spain
MZ515861,United Kingdom
MZ515862,Netherlands
MZ515864,United Kingdom
MZ515866,Netherlands
MZ515870,United Kingdom
MZ515877,Netherlands
MZ515878,Spain
MZ515880,United Kingdom
MZ515882,United Kingdom
MZ515884,Netherlands
MZ515887,Spain
MZ515888,Netherlands
MZ515891,United Kingdom
MZ515898,Netherlands
MZ515901,Netherlands
MZ515902,Spain
MZ515905,United Kingdom
MZ515907,United Kingdom
MZ515909,United Kingdom
MZ515910,United Kingdom
MZ515911,United Kingdom
MZ515913,Netherlands
MZ515921,United Kingdom
MZ515923,United Kingdom
MZ515928,United Kingdom
MZ515929,United Kingdom
MZ515931,Netherlands
MZ515939,Netherlands
MZ515941,Spain
MZ515945,Netherlands
MZ515948,United Kingdom
MZ515951,United Kingdom
MZ515956,Spain
MZ515957,Netherlands
MZ515961,Spain
MZ515963,Spain
MZ515966,United Kingdom
MZ515967,Netherlands
MZ515969,United Kingdom
MZ515971,Netherlands
MZ515973,Netherlands
MZ515980,United Kingdom
MZ515984,Spain
MZ515985,Netherlands
MZ515986,United Kingdom
MZ515987,Spain
MZ515992,United Kingdom
MZ515993,United Kingdom
MZ515998,United Kingdom
MZ515999,United Kingdom
MZ516000,United Kingdom
MZ516002,Spain
MZ516004,Spain
MZ516005,Netherlands
MZ516007,Spain
MZ516008,United Kingdom
MZ516010,United Kingdom
MZ516011,Spain
MZ516012,United Kingdom
MZ516014,Spain
MZ516017,United Kingdom
MZ516019,United Kingdom
MZ516023,United Kingdom
MZ516024,Netherlands
MZ516026,Netherlands
MZ516027,United Kingdom
MZ516028,United Kingdom
MZ516031,Spain
MZ516033,Spain
MZ516038,Netherlands
MZ516039,Netherlands
MZ516040,United Kingdom
MZ516043,Netherlands
MZ516044,Netherlands
MZ516047,Spain
MZ516052,Spain
MZ516053,Netherlands
MZ516055,Netherlands
MZ516057,Netherlands
MZ516058,Netherlands
MZ516068,Netherlands
MZ516072,United Kingdom
MZ516073,United Kingdom
MZ516076,United Kingdom
MZ516077,Netherlands
MZ516080,Netherlands
MZ516087,Netherlands
MZ516088,Netherlands
MZ516090,Netherlands
MZ516093,United Kingdom
MZ516096,United Kingdom
MZ516097,Netherlands
MZ516103,Netherlands
MZ516108,Netherlands
MZ516110,Netherlands
MZ516112,United Kingdom
MZ516117,Spain
MZ516118,Netherlands
MZ516129,United Kingdom
MZ516130,United Kingdom
MZ516132,Netherlands
MZ516134,Netherlands
MZ516137,United Kingdom
OK649589,USA
OK649590,USA
OK649591,USA
OK649592,USA
OK649593,USA
OK649594,USA
OK649595,Brazil
OK649596,Brazil
OK649597,Brazil
OK649598,Brazil
OK649599,Brazil
OK649600,Brazil
OK649601,Brazil
OK649602,Brazil
OK649603,Brazil
OK649604,Brazil
OK649605,Brazil
OK649606,Brazil
OK649607,Brazil
OK649608,Brazil
OK649609,Brazil
OK649610,Brazil
OK649611,Brazil
OK649612,Brazil
OK649613,Brazil
OK649614,Brazil
OK649615,Brazil
OK649616,Brazil
OK649617,Brazil
OK649618,Brazil
OK649619,Brazil
OK649620,Brazil
OK649621,Brazil
OK649622,Brazil
OK649623,Brazil
OK649624,Brazil
OK649625,Brazil
OK649626,Brazil
OK649627,Brazil
OK649628,Brazil
OK649629,Brazil
OK649630,Brazil
OK649631,Brazil
OK649632,Brazil
OK649633,Brazil
OK649634,Brazil
OK649635,Brazil
OK649636,Brazil
OK649637,Brazil
OK649638,Brazil
OK649639,Brazil
OK649640,Brazil
OK649641,Brazil
OK649642,Brazil
OK649643,Brazil
OK649644,Brazil
OK649645,Brazil
OK649646,Brazil
OK649647,Brazil
OK649648,Brazil
OK649649,Brazil
OK649650,Brazil
OK649651,Brazil
OK649652,Brazil
OK649653,Brazil
OK649654,Brazil
OK649655,Brazil
OK649656,Brazil
OK649657,Canada
OK649658,Canada
OK649659,Canada
OK649660,Kenya
OK649661,Kenya
OK649662,Kenya
OK649663,Kenya
OK649664,Kenya
OK649665,Kenya
OK649666,Kenya
OK649667,Kenya
OK649668,USA
OK649669,USA
OK649670,USA
OK649671,USA
OK649672,USA
OK649673,USA
OK649674,USA
OK649675,USA
OK649676,USA
OK649677,USA
OK649678,USA
OK649679,USA
OK649680,USA
OK649681,USA
OK649682,USA
OK649683,USA
OK649684,USA
OK500256,France
OK500257,France
OK500260,France
OK500265,France
OK500268,France
OK500269,France
LC699633,Japan
LC699634,Japan
OM857140,Australia
OM857149,Australia
OM857151,Australia
OM857155,Australia
OM857160,Australia
OM857167,Australia
OM857169,Australia
OM857171,Australia
OM857172,Australia
OM857175,Australia
OM857176,Australia
OM857177,Australia
OM857178,Australia
OM857180,Australia
OM857181,Australia
OM857183,Australia
OM857184,Australia
OM857185,Australia
OM857186,Australia
OM857188,Australia
OM857189,Australia
OM857190,Australia
OM857191,Australia
OM857192,Australia
OM857193,Australia
OM857194,Australia
OM857195,Australia
OM857196,Australia
OM857197,Australia
OM857199,Australia
OM857200,Australia
OM857201,Australia
OM857204,Australia
OM857205,Australia
OM857210,Australia
OM857211,Australia
OM857212,Australia
OM857213,Australia
OM857216,Australia
OM857218,Australia
OM857227,Australia
OM857234,Australia
OM857235,Australia
OM857238,Australia
OM857239,Australia
OM857240,Australia
OM857244,Australia
OM857248,Australia
OM857249,Australia
OM857252,Australia
OM857253,Australia
OM857254,Australia
OM857255,Australia
OM857256,Australia
OM857257,Australia
OM857258,Australia
OM857259,Australia
OM857262,Australia
OM857263,Australia
OM857264,Australia
OM857267,Australia
OM857268,Australia
OM857269,Australia
OM857271,Australia
OM857275,Australia
OM857278,Australia
OM857280,Australia
OM857286,Australia
OM857289,Australia
OM857290,Australia
OM857293,Australia
OM857298,Australia
OM857304,Australia
OM857306,Australia
OM857309,Australia
OM857313,Australia
OM857316,Australia
OM857317,Australia
OM857321,Australia
OM857323,Australia
OM857326,Australia
OM857329,Australia
OM857330,Australia
OM857331,Australia
OM857332,Australia
OM857333,Australia
OM857334,Australia
OM857335,Australia
OM857336,Australia
OM857337,Australia
OM857338,Australia
OM857339,Australia
OM857340,Australia
OM857341,Australia
OM857342,Australia
OM857343,Australia
OM857344,Australia
OM857345,Australia
OM857346,Australia
OM857347,Australia
OM857350,Australia
OM857351,Australia
OM857352,Australia
OM857353,Australia
OM857354,Australia
OM857355,Australia
OM857356,Australia
OM857359,Australia
OM857360,Australia
OM857363,Australia
ON152648,Russia
ON469827,Tunisia
ON729318,USA
OP890313,USA
OP890315,USA
OP890317,USA
OP890318,USA
OP890320,USA
OP890321,USA
OP890324,USA
OP890327,USA
OP890328,USA
OP890329,USA
OP890330,USA
OP890332,USA
OP890334,USA
OP890335,USA
OP890336,USA
OP744429,Kenya
OP744430,Kenya
OP744431,Kenya
OP744432,Kenya
OP744433,Kenya
OP744434,Kenya
OP744435,Kenya
OP744436,Kenya
OP744437,Kenya
OP744438,Kenya
OP744439,Kenya
OP744440,Kenya
OP744441,Kenya
OP744442,Kenya
OP744443,Kenya
OP744444,Kenya
OP744445,Kenya
OP744446,Kenya
OP744447,Kenya
OP744448,Kenya
OP744449,Kenya
OP744450,Kenya
OP744451,Kenya
OP744452,Kenya
OP744453,Kenya
OP744454,Kenya
OP744455,Kenya
OP744456,Kenya
OP744457,Kenya
OP744458,Kenya
OP965711,USA
OQ024110,USA
OQ024111,USA
OQ024112,USA
OQ024116,USA
OQ024117,USA
OQ024120,USA
OQ024122,USA
OQ024123,USA
OQ024124,USA
OQ024128,USA
OQ024131,USA
OQ024134,USA
OQ024136,USA
OQ024138,USA
OQ024139,USA
OQ024140,USA
OQ024141,USA
OQ024142,USA
OQ024147,USA
OQ024148,USA
OQ024149,USA
OQ024154,USA
OQ024155,USA
OQ024156,USA
OQ024158,USA
OQ171893,USA
OQ171894,USA
OQ171896,USA
OQ171897,USA
OQ171898,USA
OQ171899,USA
OQ171903,USA
OQ171905,USA
OQ171906,USA
OQ171909,USA
OQ171910,USA
OQ171912,USA
OQ171914,USA
OQ171917,USA
OQ171918,USA
OQ171926,USA
OQ171927,USA
ON729319,USA
OQ261748,Austria
OQ261750,Austria
OQ261751,Austria
OQ261752,Austria
OQ261753,Austria
MF001047,USA
RSV012,USA - NMH
RSV013,USA - NMH
RSV016,USA - NMH
RSV026,USA - NMH
RSV044,USA - NMH
RSV045,USA - NMH
RSV046,USA - NMH
RSV066,USA - NMH
RSV069,USA - NMH
RSV078,USA - NMH
RSV088,USA - NMH
RSV091,USA - NMH
RSV094,USA - NMH
RSV095,USA - NMH
RSV103,USA - NMH
RSV108,USA - NMH
RSV110,USA - NMH
RSV124,USA - NMH
RSV128,USA - NMH
RSV130,USA - NMH
RSV148,USA - NMH
RSV159,USA - NMH
RSV162,USA - NMH
RSV175,USA - NMH
RSV180,USA - NMH
RSV181,USA - NMH
RSV182,USA - NMH
RSV187,USA - NMH
RSV188,USA - NMH
RSV194,USA - NMH
RSV199,USA - NMH
RSV200,USA - NMH
RSV207,USA - NMH
RSV209,USA - NMH
RSV210,USA - NMH
RSV215,USA - NMH
RSV216,USA - NMH
RSV218,USA - NMH
RSV224,USA - NMH
RSV228,USA - NMH
RSV231,USA - NMH
RSV241,USA - NMH
RSV294,USA - NMH
RSV300,USA - NMH
RSV302,USA - NMH
RSV336,USA - NMH
RSV378,USA - NMH
RSV403,USA - NMH
RSV404,USA - NMH
RSV408,USA - NMH
RSV411,USA - NMH
RSV416,USA - NMH
RSV417,USA - NMH
RSV424,USA - NMH
RSV428,USA - NMH
RSV429,USA - NMH
RSV430,USA - NMH
RSV434,USA - NMH
RSV435,USA - NMH
RSV441,USA - NMH
RSV443,USA - NMH
RSV448,USA - NMH
RSV451,USA - NMH
RSV452,USA - NMH
RSV454,USA - NMH
RSV456,USA - NMH
RSV457,USA - NMH
RSV464,USA - NMH
RSV465,USA - NMH
RSV466,USA - NMH
RSV468,USA - NMH
RSV480,USA - NMH
RSV483,USA - NMH
RSV484,USA - NMH
RSV485,USA - NMH
RSV490,USA - NMH
RSV494,USA - NMH
RSV495,USA - NMH
RSV504,USA - NMH
RSV513,USA - NMH
RSV515,USA - NMH
RSV518,USA - NMH
RSV524,USA - NMH
RSV527,USA - NMH
RSV529,USA - NMH
RSV542,USA - NMH
RSV545,USA - NMH
RSV547,USA - NMH
RSV410,USA - NMH
RSV414,USA - NMH
RSV415,USA - NMH
RSV418,USA - NMH
RSV421,USA - NMH
RSV427,USA - NMH
RSV431,USA - NMH
RSV447,USA - NMH
RSV471,USA - NMH
RSV475,USA - NMH
RSV486,USA - NMH
RSV489,USA - NMH
RSV505,USA - NMH
RSV508,USA - NMH
RSV528,USA - NMH
RSV538,USA - NMH
RSV548,USA - NMH
RSV409,USA - NMH
RSV501,USA - NMH
RSV511,USA - NMH
RSV541,USA - NMH